A                   ,B                  ,C                   ,D                  ,E                   ,F                   ,G
0.73096723235981    ,0.530860097902946  ,0.287319681042445   ,1.19304926626714   ,0.0190400803784495  ,1.10050680555581    ,0.278214051478298
2.06785347823919    ,-1.1813134555201   ,-2.54617264512269   ,0.381538459516995  ,-0.0387336938304302 ,0.26987407499801    ,-0.603940354604783
-2.18183536574138   ,0.380326497801508  ,0.928632281200917   ,-0.316861048320292 ,0.106472584727774   ,-0.324854109032399  ,-0.447823826347332
0.445040077394969   ,0.734531104191961  ,-0.133298522132919  ,-0.374090763514001 ,0.173616333010297   ,-0.319402163458694  ,-0.775105623156549
0.296363391254509   ,3.0240534460281    ,0.815791141948693   ,1.1685210711159    ,0.134043563542623   ,1.11042393094854    ,1.70518976112684
-0.0192729899136524 ,0.174808194285604  ,-0.025151917784767  ,0.110209974158356  ,0.749233479192771   ,0.0174270886466964  ,-1.03264478999154
-2.45144599910288   ,-1.38813318069954  ,1.00276136931541    ,-0.952329208851547 ,-0.145099440086149  ,-0.893110283967048  ,-1.58914326155864
0.608597417172958   ,0.629600564122705  ,-0.15038695063509   ,-0.0190234583815143,0.979652476834651   ,0.0562665483591974  ,-0.163893297399303
-1.98306991847845   ,-0.674710954789753 ,1.42143968487588    ,-1.26129449521279  ,-0.0275044442239316 ,-1.17971986645411   ,-1.19133060349449
-0.449616924969203  ,-0.256365441869683 ,-0.195942577121389  ,0.730028519457931  ,0.989683414272572   ,0.789587752256595   ,0.00281586441392843
-0.97357198737325   ,0.584400623991843  ,1.01440174476082    ,0.643746847545328  ,0.141104082196535   ,0.545783795957059   ,-0.512444245883261
-0.0925059118456785 ,0.942639872685105  ,1.29448916316726    ,0.866159329216971  ,-1.79094341331079   ,0.775297325710458   ,-0.858025829263665
-1.01103651118642   ,-1.35622253905432  ,0.11530407877561    ,-0.524027233589331 ,0.763691417100171   ,-0.567242371693972  ,-2.73808487419338
-1.81115345386      ,1.56104683203253   ,1.62667902853355    ,1.20691064414414   ,0.131731882223838   ,1.19077682219819    ,-0.148091642481487
1.38070178675002    ,4.03027591010686   ,0.640691157572504   ,3.17910607195177   ,-0.543550320609884  ,2.95708293914271    ,1.11098211562854
-1.66580309665529   ,-0.562751503426639 ,2.11508002792718    ,-0.250698846798136 ,0.750449005949531   ,-0.429507014516467  ,-1.66917434499835
1.535807465518      ,-1.10700571974425  ,-2.38741485381879   ,0.191263442923357  ,0.69178729621773    ,0.222991524547444   ,-0.228116020318914
-1.11468869989579   ,1.13003555723697   ,1.20465004400136    ,0.104483103509192  ,0.879486780082539   ,0.0845526872358084  ,0.751519312255672
-1.27044767575861   ,-0.929585921301285 ,0.79720653573322    ,-0.822549622527311 ,0.932546173056366   ,-0.807407524680431  ,-2.08795774890711
0.255603325378458   ,1.2777370967651    ,0.982235157768199   ,1.9029353418478    ,0.404260758080809   ,1.90941925887637    ,0.943221098586548
-0.348703654651271  ,-2.37341684571847  ,-0.54803766181911   ,-1.20561038905021  ,0.960691647253479   ,-1.31049176421389   ,-2.12902455909024
1.4737899741778     ,0.75835174883226   ,-1.56065080690623   ,-0.115144353929408 ,1.77213287765479    ,-0.0101903313462112 ,1.17754222803675
-0.372549354079293  ,0.182709830148704  ,0.0357860099895448  ,0.505994103970427  ,-0.107105741588546  ,0.487758468291154   ,0.375782533132739
-0.30505276877281   ,0.16719284222884   ,0.33405736061493    ,0.00192887832997769,1.04432238936862    ,-0.0407540298995613 ,-0.51814864911986
-1.57364563888011   ,-0.759218216195969 ,0.797693985977149   ,1.8097108702362    ,0.860160224312422   ,1.68593029103751    ,-0.722241305580775
0.59242659723517    ,1.40269020026921   ,0.720961110677781   ,0.680302193244031  ,1.42758691550733    ,0.534021571870862   ,-0.912512120852074
-0.802688781634682  ,-0.210428842179823 ,1.76815014201346    ,0.761154140165219  ,-0.0204991136901396 ,0.687383101431139   ,-0.333891489560092
-0.717644705030556  ,-1.04699996839435  ,-0.162075297677386  ,0.70588942574301   ,1.12105546150731    ,0.623460572964792   ,-0.543029580875462
1.17971478334709    ,0.209732874063888  ,-0.537343907643825  ,0.200294648898302  ,1.45418130627901    ,0.139993085954844   ,0.136313965866178
0.634305218341739   ,-0.380631518560534 ,-0.382542448167952  ,-0.0532524876221715,0.943216453238036   ,-0.0638499399823441 ,0.307443536879464
0.793566948140402   ,-1.24641891758225  ,-1.41521234684338   ,0.604854639533784  ,2.51340864242303    ,0.584332289448896   ,0.747053385338265
-0.994673202817416  ,-0.840511285772654 ,0.86374948596637    ,0.807813367676397  ,0.577233426985533   ,0.718376170750962   ,0.359612851470385
0.963162028667732   ,-1.86703683542374  ,-2.37520552901158   ,-0.497486259757909 ,0.328263917521162   ,-0.54023442233119   ,-1.30628598788288
-1.58341722347026   ,2.31539669012095   ,2.29002675060819    ,-6.47306647431215  ,-3.87809864929939   ,-6.11365304758471   ,-2.61083134249696
-1.19943370480408   ,-0.232421862470857 ,0.869013101035904   ,-0.810014445020555 ,-0.119204874872108  ,-0.637430120387249  ,0.176057454415333
-1.66790482919978   ,-0.0892445738070285,0.903114501430539   ,-0.103703503008245 ,-0.033527212773768  ,-0.0414998740247073 ,-0.465676902975998
2.29828220959928    ,2.18735614960075   ,-0.729363653600928  ,0.721863040807357  ,1.13352309840161    ,0.752395614747418   ,0.393955554726195
0.243364527623864   ,0.313764173252367  ,0.0977986627671397  ,0.783808830251607  ,-0.254666600326294  ,0.730402926832188   ,0.440511639479522
-0.533446793527457  ,-0.234485692065338 ,0.421065776881616   ,0.0952902657938774 ,0.756044575457258   ,0.0289099956490336  ,-0.729036634596499
0.438349539683784   ,-0.477817543626156 ,-1.18059881618337   ,0.10314852902106   ,0.297690783768211   ,0.0961232807105335  ,0.457612285760107
0.721239399419278   ,-0.29598447376405  ,-0.666789232323379  ,-0.380465150070108 ,0.211053145410821   ,-0.380026150856     ,0.201408102690891
1.87754737755115    ,0.558778016127247  ,-0.779757654392885  ,0.421999588047679  ,0.623295867701324   ,0.441677014536506   ,2.28220185266013
0.569057573697764   ,-0.214684964027134 ,-0.523759254793577  ,0.414890884923283  ,-0.539095733762111  ,0.358723817700813   ,0.679990480826726
0.644361977802059   ,-0.6855155832228   ,-0.937302481707084  ,-1.34802057054047  ,-0.380692880604028  ,-1.30310638361248   ,-0.968798862190701
-0.241874653035482  ,1.14919357332461   ,0.862281826902453   ,0.452670588605196  ,0.72938323048848    ,0.53596174823599    ,1.28570746722972
-1.39579807466899   ,0.457930461361409  ,1.70718597087687    ,0.51810224669956   ,-0.980470569439627  ,0.44445057893509    ,-0.736912911034468
-0.477118911941068  ,-0.785021771464703 ,-0.0360321520841302 ,0.169198638265306  ,-0.417278872945777  ,0.117260836159321   ,-1.32264883141136
1.22337636061028    ,0.19790788443639   ,-0.651286175136913  ,0.42420221587547   ,0.61990313846305    ,0.384681042616303   ,0.0380303453084211
1.73164630790156    ,0.894024943219888  ,-1.38391131449348   ,1.65168969441031   ,-0.0485521734973673 ,1.50144391071933    ,1.9984057309235
-0.523014941727948  ,-1.89114947398171  ,-0.362131426532264  ,-0.759073536796458 ,0.878139433368514   ,-0.845032213198088  ,-0.840520252581876
1.51040345296752    ,0.466412321775424  ,-0.342160999943632  ,0.124811167547488  ,1.95219259246961    ,0.186876606446742   ,0.790446841514181
-0.222579638435581  ,-0.124537371144068 ,0.202865795852276   ,0.0955299335548407 ,2.20051079446472    ,0.0767584631797495  ,0.309063610629263
1.99564702368629    ,0.651405510689776  ,-1.34758553582254   ,-0.0541213844635158,0.0403360867826993  ,-0.0550698799895138 ,0.391853996472658
0.154227912173993   ,1.32127255679255   ,0.207346394541781   ,-0.684865277019278 ,-1.83358576181332   ,-0.631840164069044  ,0.478511673608
-1.00950284351405   ,0.925556822740099  ,1.35588585945342    ,2.32538050201007   ,0.527842782395442   ,2.22906588731454    ,0.751289778021534
2.04235032006012    ,-0.453640157732851 ,-2.11560195810778   ,0.0693837315212952 ,0.491948806310346   ,-0.0742935177895411 ,-1.73720515524339
-1.12341518277905   ,-1.33765965823392  ,0.154680103761661   ,-0.317741988696109 ,0.909164851911334   ,-0.306161627981981  ,-0.432675079661696
0.32257968999176    ,0.445422007305878  ,-0.201247036411024  ,-1.24338792674058  ,-0.18847141268556   ,-1.15577091048754   ,-1.04062718958845
-0.0816870920144119 ,-0.287267507752157 ,-0.323929339469278  ,0.552244195734546  ,-0.966482527957754  ,0.629911676704539   ,0.975656533771165
-0.40707746420891   ,-0.637817934808981 ,0.615495169120619   ,0.211740451277843  ,1.50608802143703    ,0.153000714288757   ,-0.402571883756717
0.163530590293001   ,-1.84994095794215  ,-1.49703090893682   ,-1.77066867306924  ,-0.00938568888752508,-1.69486982365928   ,-0.639813254575737
0.86046888269548    ,-0.440443327442492 ,-1.59099266581272   ,-1.10659924455021  ,0.505775762825588   ,-0.953189887786838  ,0.784188593170035
0.941595386152932   ,0.0670833070188227 ,-0.437888759574385  ,-1.44592475001118  ,-2.20359295267453   ,-1.35329167528694   ,0.0334737889541495
0.0810831397900952  ,-0.95115968447172  ,-1.2685486416149    ,-0.671076039323471 ,0.946605664453837   ,-0.570277669383783  ,-0.981945531509587
-0.258869703631838  ,1.66449967378699   ,0.954062184914833   ,1.97517518666191   ,0.560050228590857   ,2.05408653601588    ,1.54851369961756
-0.012936152175559  ,0.405826186683993  ,0.0677868446120562  ,-0.409611721439522 ,0.0502382400081273  ,-0.55121301099681   ,-1.58746551543362
-1.09881202539969   ,-0.0338808250275772,1.07318343299887    ,-0.591528786770683 ,0.630034268822595   ,-0.53887900461735   ,0.319747050698978
-0.130169441823799  ,-1.96959820332432  ,-0.574928047636027  ,-2.58367894002968  ,-2.37519338351135   ,-2.47056508675779   ,-2.29412516981403
-0.65577818760419   ,-0.652794169306779 ,0.847059430485466   ,-2.25168091625353  ,-1.42416813251352   ,-2.13296107783422   ,-1.08817976707069
-1.67790828844036   ,0.350820030034637  ,1.40528250719273    ,0.52640753710894   ,-0.388105075046373  ,0.708818001892181   ,-0.224778004591929
0.678867686268117   ,1.37254655439555   ,1.12969276490884    ,-0.298647108213981 ,-0.555724457197766  ,-0.359537486828752  ,-2.04715639862625
0.656467001037557   ,0.866553750728613  ,0.199878628340591   ,0.278965193333549  ,0.579959407677191   ,0.308890305396769   ,-0.0387572551521281
-0.751904608874353  ,0.129340337124853  ,0.553185898258078   ,0.169496847986055  ,0.553276275232304   ,0.140298599731538   ,-0.0569967572709513
1.30816356636784    ,1.09240173399072   ,-0.716856667807352  ,1.9664582475792    ,2.02310482046276    ,1.89222872344212    ,1.6787684133577
2.92477567704456    ,0.375292826582078  ,-1.94055289311151   ,0.179632883274964  ,0.555222165437941   ,0.0456124155588954  ,-0.210166069789479
-0.432581678771508  ,0.087107634880988  ,0.457343595453475   ,-0.199575850500067 ,-0.318712424012593  ,-0.204917048929289  ,0.472085009481001
0.594212739454647   ,0.175347532229888  ,-0.286318842456606  ,0.402069326781392  ,1.00495507328249    ,0.407932222364058   ,0.302168327023264
0.708845705494418   ,-0.416157862523034 ,-1.07517303326317   ,-1.30828407112867  ,-0.691837617163018  ,-1.27943497230563   ,-1.36163549452809
-0.577398610896841  ,0.285472158847364  ,0.732331105285474   ,0.416601623466319  ,0.428672233714233   ,0.502175467303209   ,0.529369205747267
0.190856028082615   ,1.35719449575207   ,0.0154142877414494  ,-0.292109207737924 ,0.0376291891258334  ,-0.314162859960213  ,-1.39505419495646
-1.11574544421137   ,0.711511576423136  ,0.925941477411138   ,-0.214696131332026 ,-1.2595749830021    ,-0.173673739817026  ,-1.67493424030264
-0.265522340273179  ,-0.457899587750317 ,-0.857691879662043  ,-0.104497577258228 ,0.481338081714098   ,-0.079527624954918  ,-2.62031720344668
-0.521084650832562  ,-0.138035939116638 ,0.60595176508293    ,-1.85180299601706  ,-0.732358851254314  ,-1.69113505701506   ,-1.40118670574303
-1.54767346896792   ,1.49550553860993   ,1.70283732471689    ,0.655175560932789  ,1.23650952081248    ,0.753551191862155   ,0.312936865435202
1.4776382614869     ,-0.175167478686521 ,-1.06449471528573   ,-0.13529273509393  ,1.84975062523009    ,-0.183505665229171  ,0.4282974711088
0.758143713170224   ,0.32491109723342   ,-0.655027331795325  ,-0.373486016044884 ,0.289631254493843   ,-0.334751526710399  ,0.982334815330512
0.412781364546022   ,-0.871293312607703 ,-0.881685700476895  ,-1.46472219165195  ,0.270860136767534   ,-1.32781055873772   ,-0.537284739802831
0.0230983585785481  ,0.228749730886082  ,-0.507953062289559  ,0.0232432204600816 ,-0.421777719368115  ,0.130246896699397   ,-0.241198186961719
-1.06095661006222   ,0.445338638282342  ,1.95222532495685    ,0.233779024157779  ,-0.5714665917482    ,0.215715169646452   ,-1.16283317629038
-0.963990241793591  ,0.190675660120314  ,0.452280716980541   ,-1.86320570514402  ,-2.20827404592544   ,-1.77420774104518   ,-2.10202035501498
-0.0592652579393623 ,1.38813443252557   ,-0.443575846232747  ,-0.346336355157113 ,0.233407302963024   ,-0.206904820576403  ,0.171903677769696
-1.4031337695097    ,-0.3920623495859   ,0.43359004162566    ,-0.325666170074827 ,-1.23163160825661   ,-0.289770432204658  ,-0.773805250751838
-0.105315625901613  ,0.0617907524684021 ,1.31863319125779    ,-0.699082680887694 ,0.00553740403686826 ,-0.643945698506771  ,-1.03387574536541
2.10930365092584    ,0.0199158693772754 ,-0.868564205685918  ,-0.173395409301212 ,1.20269827266954    ,-0.107266476866858  ,-0.327603494359532
0.694525010974893   ,-0.741693692201418 ,-0.492797312258107  ,0.646094458861725  ,-0.371342343873866  ,0.632344336163763   ,0.493518043050992
0.415744884650677   ,0.883641209945019  ,0.0598185229402367  ,0.18064396807774   ,0.401305180928033   ,0.119324239053328   ,0.162497845430222
-0.268344668965609  ,0.573046279832223  ,1.01156941479605    ,-0.40236006158384  ,-0.318085198029573  ,-0.391980857849161  ,-0.260279917809434
-0.291594151235691  ,0.695946285546918  ,1.49465974211744    ,0.214129345515909  ,-0.0171712698819193 ,0.239547751639009   ,-0.177327965835146
-1.07453356342793   ,-0.93748259942829  ,1.09802562064678    ,0.97368654234425   ,0.00182095006299099 ,0.901508090220978   ,-0.840689206862017
-0.860736936206391  ,0.0283303418760398 ,-0.180591533712349  ,0.664051507896865  ,-0.163506999960156  ,0.562556789108646   ,-1.3686265443326
-0.454644261157585  ,-0.451741356380919 ,0.666752806654225   ,0.111101514867044  ,0.119403266817681   ,0.0563744492961638  ,-1.26342959285587
1.58140753938561    ,1.56717400024561   ,-0.296442144852007  ,0.142027116448413  ,0.894723645205437   ,0.132868919016744   ,0.322173907650128
-0.0515972425892024 ,-0.362807576794585 ,0.402702446729839   ,0.365777432417718  ,0.111309466877685   ,0.343017897740764   ,0.416685971048406
-0.669836488076904  ,1.18301085065918   ,1.78895672009993    ,0.878573327361706  ,1.29428268798405    ,0.813682679894933   ,0.389535707210118
-0.0653536241554461 ,0.19850455595996   ,-0.207557332271059  ,-1.12668746522259  ,0.185119761764817   ,-1.15717062549219   ,-1.79873475423453
1.24454143213067    ,0.905650807269451  ,-0.414019649821987  ,1.13700831908631   ,2.00939183385164    ,1.19423378482604    ,0.7358819706096
0.57287134035636    ,-0.417550481107741 ,-0.489992444819622  ,-1.84496834385743  ,0.378603516195958   ,-1.86747171512234   ,-1.45628319560332
0.839025758262692   ,1.46696353149617   ,0.447042070385843   ,1.30581388964679   ,2.90178226304084    ,1.40200228695262    ,2.06661897519356
-0.561103282888938  ,-0.598422581431115 ,0.205855998410651   ,1.2139378514145    ,-0.413319605198573  ,1.0658515356478     ,0.0688831851224632
-0.963729996681386  ,-2.32199720568437  ,-1.3559382096082    ,-0.904788680239252 ,-0.603626988165205  ,-0.98191880011735   ,-1.49613081413803
-0.642292488865783  ,-1.02664548188556  ,-1.60745683142891   ,-1.62103030581064  ,-1.47350477057715   ,-1.49190711608721   ,-0.845862240205434
-0.196649108875579  ,-0.519219811410225 ,-0.65130784925388   ,0.268791081727978  ,-0.226959143256397  ,0.388133813109133   ,0.61595897914187
0.858890260330737   ,-0.2918810469343   ,-1.08999923255927   ,0.0379487338010357 ,0.510783729957294   ,0.0111842343742604  ,-0.148432456328116
-1.95874390452213   ,-1.5347403712744   ,0.077994169576399   ,-1.05140610744881  ,-1.09797344313162   ,-0.937167536514618  ,-1.31586406193313
0.766311322007877   ,0.916737907240765  ,0.0295502738404641  ,0.349402219658823  ,0.985029471693999   ,0.470127445127195   ,0.536257713627533
-0.0423488902971825 ,-0.954447718097876 ,-0.42204485333112   ,0.475633228797798  ,1.40755614172027    ,0.632929678674937   ,-0.106268441881557
-0.381896335750984  ,-0.378538949338356 ,-0.575316127982843  ,-1.25743259235438  ,-0.407209121804954  ,-0.965785385627888  ,-1.08307866971875
-0.898514671494903  ,-0.342735448708604 ,0.0185319118045158  ,0.0141079812196953 ,-0.652762192098427  ,-0.530303433995755  ,0.53780102629259
1.92706247331989    ,0.209166374848379  ,-0.823509910557695  ,-0.979684638127318 ,-0.570680970167893  ,-1.2865731394603    ,-0.487452245689251
0.16564209163844    ,-0.194649871457994 ,-0.217506249150008  ,-0.0456847263409523,-1.37215467717147   ,-0.078238320737898  ,0.738268018694962
0.00534381019293943 ,1.2393014212759    ,-0.41146817589979   ,-0.874786855306064 ,-1.56569744732927   ,-1.39535712706039   ,-0.955195639463816
-1.27478104213051   ,-0.163200975243087 ,1.00493234438487    ,-0.533715290650978 ,-0.48129357912829   ,-0.380017275669282  ,-0.843290523936893
-3.33477716349507   ,0.186564854059317  ,1.75878463469266    ,-0.460422440025498 ,-0.656356183618507  ,-0.928424526994909  ,-1.59878712809489
0.0400545550918437  ,0.648327614022169  ,0.890133471666357   ,0.558215056439953  ,0.517861367287381   ,-0.00807455407475682,-0.427951697442438
0.743898288752528   ,2.96787482650476   ,1.28429447351463    ,0.239379844312016  ,0.694882329311507   ,0.343453152703173   ,0.507852527345737
-0.187108375209355  ,-0.544971009993303 ,-0.401931979966993  ,-0.556029313779709 ,-0.418785732586524  ,-0.32918493773871   ,-0.765729688875785
1.16305412151018    ,0.907364023075772  ,-0.974589201283463  ,1.90032366677925   ,0.466677304967257   ,1.77113663569285    ,2.04277054466234
3.4235109240556     ,0.694647720888727  ,-1.29277960507205   ,0.565802704510353  ,0.160178569609213   ,0.502383074775261   ,0.539534482523265
-0.442076962988972  ,0.629908328303109  ,-0.42421757253994   ,0.325088132586048  ,-0.57865591546133   ,-0.42109319287877   ,0.711216952561168
0.69250270812832    ,0.948830107846655  ,0.137078478597264   ,-0.509476126392834 ,-0.775559684660942  ,-0.804019519450084  ,-0.918473197247848
0.546554817530096   ,1.11176923445622   ,0.450738707176126   ,1.03552484503981   ,-0.32324112103494   ,0.15822520204555    ,0.956149788842552
0.273409089448157   ,0.54222623544823   ,0.518708637780422   ,0.709905379712145  ,0.808054285513342   ,0.604188613884374   ,0.00915466240032743
1.44657312936495    ,0.442891047309335  ,-0.817116899010467  ,1.0225309064694    ,1.61992143075953    ,1.10514307956278    ,1.45207950674978
-0.376753805895386  ,-1.68706697797313  ,-1.23830798029871   ,-0.343507804521591 ,-0.954705009036113  ,0.0153997292712943  ,-0.395154510893558
0.566781208604926   ,0.202005335087484  ,-0.296668691487948  ,0.40642970481852   ,0.136780981443025   ,0.460196810417477   ,0.865866427787301
0.46583017975465    ,-0.267691130721955 ,-0.264673886580468  ,0.650824161090186  ,0.615470058908749   ,1.41617713575768    ,0.242088301149699
0.691849597348412   ,0.465421018194605  ,-0.44485216717432   ,0.0187510504896394 ,-0.292943414748399  ,-0.252781075972398  ,0.177588695147825
0.40480023893246    ,0.653708209460157  ,-0.272912777892945  ,-0.0251398779564873,-0.0277707736135061 ,-0.511851152400005  ,0.527365081651214
-0.902207345930407  ,-0.406166011489637 ,0.703893111605204   ,-2.27393709876082  ,-2.15439038584361   ,-2.38255015349405   ,-1.45525346552119
0.797514257273112   ,0.769432494274289  ,-0.650151905686603  ,0.212233035909654  ,0.64637085626307    ,0.541550901546381   ,1.10595755114264
1.20945407862369    ,1.43280075823569   ,0.479731572123857   ,1.37216823976012   ,0.140979498308606   ,0.685515858158729   ,1.32189424537897
0.385850415625741   ,1.41449346801138   ,0.557714951637285   ,0.0789718332348716 ,-0.714923263178355  ,-0.489899007171805  ,-0.0407683225032538
0.502156146754134   ,0.907509375544511  ,0.948277670697301   ,1.48812942242689   ,0.285893978309689   ,0.67200569863192    ,1.07167756178883
0.590342700934055   ,-0.66049143918162  ,-0.909901829027567  ,-0.476275843238001 ,-0.0871837363439879 ,-0.408896475740939  ,-0.815950203744027
2.28107942156061    ,0.00154526669952891,-3.16115182072158   ,0.915363237018908  ,1.90151716034258    ,0.908763168281853   ,2.13905669663117
0.54110415460012    ,-0.349981774791403 ,0.990457839317156   ,0.301258437801666  ,0.371295690508286   ,0.29583586346738    ,0.574997817922839
0.582949554446519   ,-0.477095607664702 ,-0.713066846430401  ,-0.673529290876107 ,-0.737189074396547  ,-1.10238266906082   ,-0.23423497170572
1.19950210326286    ,0.314187652412727  ,-0.432585765031198  ,1.15656437733197   ,0.197407250204725   ,0.19653553791677    ,0.752647915305655
-1.68585870122174   ,-0.742899626209468 ,-0.883709149310253  ,0.631916423621486  ,-0.313255061413     ,0.483532664185619   ,-0.652910766587288
0.386466476892179   ,0.866654112683311  ,1.04623049446864    ,1.22808039586304   ,0.918383892476783   ,0.654764141391179   ,0.173298658243683
1.76340414192393    ,1.11987796418189   ,0.725482649497033   ,1.79373671804402   ,0.405741985928785   ,1.02420895702927    ,1.72766609637531
0.044295872573972   ,-0.65112472961552  ,-0.957691591447493  ,-1.79787342754734  ,-3.12386096688866   ,-2.31886873416082   ,-1.2215516801038
-0.097440074038495  ,1.09370479974368   ,1.37696267976576    ,0.742132074282409  ,0.457814496957918   ,0.223235778268646   ,2.32527732563894
-0.25894356756921   ,0.582136030725376  ,2.48606856585896    ,-1.47920111995241  ,-2.62825688344485   ,-2.36562251207974   ,-0.663549635148957
1.9864251542353     ,0.511708872907266  ,0.51572594581486    ,0.647933696755991  ,0.0991640924741671  ,-0.393477951582002  ,1.68401685591487
0.855576201058146   ,0.439798597677783  ,-0.679861496525527  ,0.349734582917415  ,0.313786485796987   ,-0.280926934089279  ,0.4897779436075
0.0779103552122562  ,-0.877854492550116 ,-0.51746013990696   ,0.395491395716409  ,-1.18312812299304   ,-0.390694875423578  ,0.119554769739324
0.110423284215392   ,-3.67802714038578  ,0.330494476774954   ,1.38336978570202   ,1.25480832733917    ,2.28470305400152    ,-0.119431304268584
1.74679785455536    ,1.3372819134023    ,2.06953122314772    ,1.34955767693014   ,0.434106181568174   ,0.953900241042772   ,1.89007223136343
-0.524120329002036  ,-1.0712899801279   ,-0.173677244142368  ,-0.181645182054797 ,-0.54966462498872   ,-0.623162171282352  ,-0.364091941714511
0.981974215436575   ,-0.281698561114705 ,0.11412240878295    ,-0.263430091594203 ,-1.78018892130647   ,-0.750679735398102  ,0.561507798203494
0.479252787357825   ,-0.798105090228359 ,1.00476651991177    ,0.486791578824314  ,-0.985150911634253  ,-0.781148934486289  ,1.18298828976631
0.734118575180243   ,1.24357782382048   ,-0.381699892469241  ,-0.0600497805001746,0.549476889529612   ,-0.425453284465942  ,1.08214569594734
-0.255106657936969  ,-1.24689774768188  ,0.544178015792824   ,-4.30951591480592  ,-3.84376891102657   ,-3.83797122214764   ,-2.34968604881796
-1.49894122937123   ,-1.7100343651979   ,-0.144289283672205  ,-0.368665149635262 ,0.516358836019076   ,-0.0944592942641744 ,0.500893252679502
-3.01869422645884   ,-3.66244475323522  ,-2.39342735099253   ,0.3940171385161    ,0.228077847238786   ,0.38889377499836    ,-1.37498692163851
1.49884466035331    ,0.368294351425448  ,0.571460362968874   ,1.32597243418065   ,0.713267674380136   ,1.02865829708675    ,0.583857299925568
-1.39901882522666   ,-1.96828465210305  ,0.0859622285104411  ,0.203995251418753  ,-0.637366694416493  ,-0.0163757283165134 ,-1.20219133221652
1.31141877323178    ,0.821881510921204  ,0.52945855686199    ,0.645283062864256  ,0.0159697316256189  ,0.148609893270083   ,1.25269169841797
0.875770050818316   ,-1.23180549297177  ,-1.3598179391431    ,-0.368626305976353 ,0.165640589670755   ,-0.552452098364222  ,-0.248172315350093
0.373962585743699   ,0.225345556451456  ,0.702849978962474   ,0.812449712417656  ,1.44616393841693    ,1.07174143906516    ,1.55167110538202
0.431672568028558   ,-0.0276027640707024,-0.160338427100138  ,0.847696432363849  ,1.02694057012247    ,1.62829210077711    ,0.281720132866339
0.480637471469879   ,-0.450120663697052 ,0.339254748001553   ,-0.774554883273338 ,-0.313166100286654  ,-0.159267013791136  ,-0.57153860717677
0.0785723015758408  ,-1.08118847698514  ,-0.911073834232058  ,0.940270823106916  ,1.27325028739135    ,0.986300518246773   ,1.18864262442256
-0.717066963738756  ,-1.5617465104597   ,-0.886495524602204  ,-0.935703104548265 ,-0.992718721583357  ,-0.664251522614836  ,-1.04379259519975
-0.317344757651708  ,-1.13268946862073  ,-1.89594361027397   ,-0.546223956010032 ,-0.0151338708065257 ,-0.122570122430866  ,-0.340375160576471
-0.443049705212168  ,-0.568827241832055 ,0.386002774887928   ,-0.814480662501999 ,-0.719765036508607  ,-0.970021695264859  ,-0.584743747838889
-0.157732938634984  ,-0.570913545550207 ,0.114430555850875   ,1.0445611810575    ,0.240058659829255   ,0.226787376387263   ,0.677399228431543
-0.248611430170686  ,-0.95952091857187  ,0.0957607955217718  ,0.703388194647172  ,1.23953577407957    ,1.27399853192029    ,-0.259973510922694
0.279062600649399   ,-0.628909219476845 ,0.214887820481658   ,1.98671681011968   ,1.42931133348251    ,1.64437733459355    ,1.26415514740081
1.15549639894299    ,0.245125222139033  ,-0.703947473837664  ,-1.12079507722692  ,-0.187566075267557  ,-0.485600623387283  ,-1.25374367186689
0.919771302844299   ,1.0940794926669    ,-0.15038612525878   ,0.0542305162649257 ,0.147913409973033   ,1.45304023818554    ,1.69401349152531
-1.20820791477016   ,-0.862304851785922 ,0.677550884925655   ,0.879127862822986  ,-0.49204537129016   ,-0.666767469740859  ,0.315694425723177
2.5267078807612     ,0.875677958177115  ,0.459812519732556   ,-0.472373374017558 ,-1.22257133337103   ,-1.31038970695731   ,0.0319777654528715
-0.173413017355282  ,-0.598214169303855 ,-2.25242804780699   ,-1.04427902877592  ,-0.708166774119515  ,-0.917751407878849  ,0.217683431972349
-0.136742600837509  ,0.264308143750135  ,0.261630848548124   ,0.126040426392854  ,0.253777853346441   ,0.337297489597353   ,1.00110428059016
0.830443457349036   ,0.534443122432039  ,0.0104180829573014  ,-0.471878900814376 ,-0.804365388176423  ,-0.518663672364665  ,0.168327904787559
-0.313316199998501  ,-0.222948815229577 ,-0.712702216954847  ,0.800444581444093  ,0.0997526806728624  ,1.01683789111352    ,1.53893874073404
0.437759938221206   ,0.0722039224876695 ,0.403546886333793   ,-1.66678616937075  ,-1.84524098978      ,-1.44460340768017   ,-0.787413628037617
0.437252465787518   ,0.522520252490704  ,0.394664344763121   ,-0.313152058266799 ,-0.830050302313357  ,-1.20652765908859   ,1.37138656951188
0.0240679945526761  ,0.855631323749357  ,-0.039511593103443  ,-2.01329203546113  ,-1.46124952663384   ,-1.57053775469761   ,-0.498147134500994
-0.696625836676917  ,0.592161792943765  ,1.57186161832597    ,-0.248378421978018 ,0.217696417736221   ,0.108993382932238   ,1.10531123544498
1.09505272016062    ,0.293160996221121  ,-0.0536670200442209 ,0.435833358574063  ,2.14385464492016    ,1.14496834724251    ,0.751388503080047
0.587138024488505   ,0.396000849467845  ,-0.366175227649181  ,-2.25989187658455  ,-1.35525094921405   ,-1.18582998307076   ,-0.955650705727854
2.63272569301538    ,0.245706416442214  ,-0.535132569945552  ,-0.962621483377992 ,-0.760505994000602  ,-1.03690768133986   ,1.06125435186803
-0.321011082046702  ,-1.4829021008018   ,-0.87718905298171   ,1.14387093167578   ,0.544707834769835   ,1.02148252887467    ,1.58661087687757
0.206192113929282   ,0.0147278182673612 ,-0.102650742367463  ,-0.407790795701962 ,-0.08851158109203   ,-0.101370457825478  ,-0.868176788620034
1.19563524450649    ,0.113760239132889  ,0.341876025341536   ,-0.574475898362459 ,-0.257923289973223  ,-0.289680754638084  ,0.127277324399803
-0.371509227326356  ,1.09392308492607   ,0.771147145920603   ,-0.702871975957946 ,-1.24275075348637   ,-1.15368839014098   ,0.623833390010295
-1.4415203704922    ,0.379616465069913  ,0.105267532547363   ,-1.95000938895024  ,-0.462652505620908  ,-1.05322081088534   ,-1.27072468053144
0.234085611490336   ,0.299267215781336  ,-0.647411847997102  ,-2.02540487184061  ,-2.54340613528604   ,-3.00972853516066   ,-1.41213854759052
0.637678732830364   ,1.7467109074365    ,2.01471778935276    ,0.338369324194193  ,1.06835967324012    ,0.778346952690738   ,1.32356312917054
0.336642455011011   ,-1.39413037358382  ,-1.36539960308809   ,1.02843114676873   ,0.961238574299297   ,1.08449459906184    ,0.0866922563069964
1.58166603372097    ,-0.656425745273909 ,0.0715058015669881  ,0.36618192130747   ,0.808107960094347   ,0.717854079172064   ,0.026237453789737
0.761031902392619   ,0.102591931430289  ,-0.255942076058239  ,-0.45876976623557  ,0.257947658749774   ,0.154782937704757   ,0.574808229043904
-0.0541598199035703 ,0.10993176093337   ,0.486906096593427   ,-0.414043336183261 ,-0.0501016105379257 ,-0.122415701606583  ,0.763471493093613
-0.29516302703133   ,-1.6929864697759   ,-0.524450021187363  ,0.628331287349033  ,0.571711561153465   ,0.934488833109943   ,0.209200358961795
-0.969396332980911  ,0.804479527559397  ,0.787805331301335   ,-1.53296625407696  ,-0.539810976437775  ,-0.679215424858373  ,-2.05392307117364
-0.860827211536974  ,-0.339121379283859 ,0.237854633144399   ,-0.676483860916705 ,-0.721461330777281  ,-0.548180667282195  ,-0.556904709164958
-1.83650812723223   ,0.985977254386977  ,1.40302338365497    ,-2.21953576440036  ,-1.72965582249758   ,-1.99580067613517   ,-1.34629003246106
0.438171900722849   ,1.07885245979046   ,0.314022761312074   ,-1.72569413754872  ,-0.93140406865825   ,-1.55768809544619   ,0.151906019155227
-0.157859726665783  ,0.836080721452278  ,1.65340492177058    ,-0.218992354046479 ,0.22311105960743    ,-0.137137559101598  ,1.49635927591522
0.508672279171501   ,1.18804422480412   ,1.4360008611078     ,-2.0623643825236   ,-1.82545699411398   ,-1.89106491309613   ,-1.56839421300844
0.18105972634714    ,-0.847217207014599 ,-1.33933914792237   ,0.920562149339438  ,0.989405891969752   ,0.631966736913584   ,1.06585821303067
-0.0505499409602293 ,-0.562261037890239 ,-0.421292577489747  ,0.691210024273165  ,0.583712160862128   ,0.704610090551956   ,-0.467361689021358
-2.12155624698429   ,1.31759158539093   ,2.17417959710016    ,-1.31742048830221  ,-1.13941370270357   ,-1.32558049746275   ,-1.41877557206293
-0.0765906764838556 ,0.0496549508652911 ,1.01296053637293    ,-0.723531930674987 ,-0.103433291295884  ,-0.347995058020251  ,0.118496162043997
-0.539373315701847  ,0.0876865199642544 ,0.38828161523048    ,-0.590061851531658 ,-0.650786699722017  ,-0.721514698028243  ,0.435759205034531
-0.250718296943204  ,-0.663352069798761 ,-0.826352714234276  ,-0.318855781814243 ,-0.580402451667731  ,-0.405759046812974  ,-0.00192920974199051
-0.171254245157907  ,0.314879246386552  ,0.0664306598483281  ,1.4928045167915    ,1.35869767940586    ,1.18602066484896    ,1.47342397647888
-1.05551682590852   ,1.97118603375582   ,3.30738790549563    ,0.673019783923617  ,0.484975409160001   ,1.17733955211127    ,-0.218088372591257
0.993458735532087   ,-0.863962060988415 ,-0.394835168271793  ,0.36795062831099   ,0.75132825916331    ,0.446085231061551   ,-0.896438044394354
0.505726611500292   ,-2.23318822638564  ,-2.55541897088246   ,0.401138574238449  ,0.801010907271279   ,0.733669470134017   ,-0.218980728601039
0.339580363415411   ,-0.43785553912698  ,-0.22980397653679   ,0.214054470687655  ,0.682917952522189   ,0.647479081492931   ,0.561059809203171
-1.99807804960014   ,1.11374250576206   ,1.39683324663201    ,-0.852793543778462 ,-0.824156584366703  ,-0.881356767893019  ,-0.331299810462801
0.281928604020154   ,-1.04142462164954  ,-0.265106189254555  ,1.16329395788644   ,1.36790350336306    ,1.63455697411182    ,0.994516339180945
-0.724921571852796  ,0.106237874365202  ,0.19973741217032    ,-0.042377718148282 ,-0.37083796983863   ,-0.174076349263996  ,-0.126196115370121
-1.50428239011095   ,0.549142861195521  ,1.49385899432509    ,0.771919023663016  ,0.651659361186025   ,0.375472706162386   ,0.230728352204459
0.477298787191376   ,0.165078137589374  ,0.195081637836411   ,0.240657791499282  ,0.313095885753001   ,0.51204914713971    ,-1.87757662448158
0.0687838381871263  ,0.678764724787622  ,1.90758309868515    ,0.4660995801005    ,0.722263983786609   ,0.806739502263369   ,0.0626803002380429
-0.118936517776507  ,-0.366345767159083 ,-0.313742308541635  ,-0.843400054794479 ,-0.405174292932008  ,-0.418126223316808  ,-0.897790574509493
1.12208801240551    ,-1.99775811699777  ,-2.0662415556225    ,-0.178355269773907 ,-1.41831535991284   ,-0.485061573487581  ,0.775700902559577
-0.691564774699084  ,-0.158940667888242 ,0.987734598361532   ,-0.197278560051916 ,-0.464949659278633  ,-0.20921028769914   ,1.15740835867153
-0.0312179067626905 ,-0.418227055055186 ,-0.478893074469055  ,0.243503302606046  ,-0.0952994480338065 ,0.377126639905718   ,0.272709944314845
0.685134059978076   ,0.482613478196139  ,0.577798954344737   ,-1.06991245606116  ,-0.35249658255388   ,-1.25050877602886   ,-0.402177183842412
-0.349076332607121  ,0.996258504009623  ,0.794252025167408   ,-0.423673291012436 ,0.544409664287024   ,-0.0767194144115188 ,0.783625201120179
-0.618824613835748  ,-0.0431218169096034,0.477268829154726   ,0.122099845380435  ,0.767669122899034   ,0.666894478320622   ,0.564312292731767
-1.25122340766329   ,-0.107914683142115 ,0.124659791319395   ,-0.229860803372915 ,-0.387095787653986  ,-0.108090800246923  ,0.51312564485707
-1.00582392686685   ,-0.176690122090004 ,0.601792736517153   ,0.675550976005867  ,1.26471929668682    ,1.16362183628449    ,0.220110276153935
-0.405929503153607  ,0.489901128135699  ,0.862941084663776   ,0.830333837996139  ,0.380484791741534   ,0.779876960328464   ,-0.0110376361406879
2.01735328744155    ,0.518835679996363  ,-0.552805072301431  ,-0.430834215037815 ,0.097821453989698   ,-0.154747606831114  ,-1.02223825821143
-0.622982781726014  ,-0.921155358355245 ,-0.133171894116347  ,0.660124103151323  ,1.5550560751086     ,0.958202835819951   ,0.302003206975702
0.788718806310182   ,-0.273949938605379 ,-0.126156733419486  ,-0.593607652990587 ,-1.5628289542082    ,-0.662095530327637  ,-0.886926567136078
-0.00648623940411636,0.770645524452341  ,0.521575127428687   ,-1.31802844448348  ,-0.540476463159428  ,-1.47670175552879   ,-0.379967061401835
1.98572567482325    ,0.289038135727752  ,-0.429443012113762  ,1.02465023259494   ,0.964293586679909   ,1.2920913658301     ,1.13271584726403
0.949627632273423   ,0.490967704807147  ,0.497885810167952   ,0.534228105576601  ,0.520066983138861   ,0.708920148385079   ,1.07113583954112
-0.134321203523405  ,-1.49173324515694  ,-1.34867853624469   ,0.876171876004526  ,0.948627732344263   ,1.00521590673488    ,0.818866905238759
-0.413170329161708  ,0.625952885931446  ,1.36540677974884    ,-0.273330811679566 ,-0.407842554945702  ,-0.543218885537935  ,0.377353205538464
0.395729337012796   ,-1.58004950410507  ,-0.452572419425178  ,0.758473924439727  ,1.70910418696493    ,0.932889669975863   ,0.330233419740365
1.31607581950988    ,-0.583178870823598 ,-0.924201749485972  ,-0.77117542159138  ,-1.37172422519644   ,-1.07586328424813   ,-0.270012988298415
2.03159366649226    ,0.374842922988932  ,-0.289206644687806  ,1.35674550830136   ,1.49739308906511    ,1.86096766425262    ,2.40700227062302
-0.249216867557209  ,0.219199760115056  ,0.490365194448009   ,0.318009320810479  ,0.350624404539239   ,0.645477051372988   ,0.181805101050412
-0.939367065604878  ,-0.530764893800624 ,0.511488878599243   ,0.741790796041228  ,1.1447580878024     ,0.849492593665915   ,0.130287849069575
0.66159045761474    ,-0.399215047028108 ,-1.03772188997225   ,-0.222108179216423 ,-0.378959933316715  ,-0.275372950046007  ,-0.217838735166856
0.344445771746481   ,-1.44025110641674  ,-1.7602459469485    ,0.43471505406727   ,-0.02393507043112   ,0.505146740669205   ,1.24076574552632
-2.35215152563529   ,-0.761095367285379 ,0.0034792448881158  ,-0.119312175042202 ,0.553907535430706   ,0.115694848525195   ,0.907195941182946
-0.696523139018713  ,0.0350376041629783 ,0.461502411494565   ,-1.97008054583776  ,-2.36964882909105   ,-1.87511026606174   ,-0.528233731116422
1.04195606539866    ,-0.532895323396832 ,-0.470880726656274  ,-0.139797259578338 ,0.196196065451885   ,-0.147999763327663  ,0.590441461914504
0.398956781650725   ,0.633642006651516  ,0.95875427216694    ,-0.0681692364078525,0.0625686520751662  ,-0.450266083207775  ,-0.358499382509189
0.856712604593492   ,0.98354481934405   ,1.21857790141178    ,0.706740904115036  ,0.274230389824116   ,0.662338764889634   ,0.560596075528763
1.22583920965166    ,0.221733664920747  ,-0.690768092856148  ,0.395098809001434  ,0.0153400737022669  ,0.472856346867133   ,0.334345567232372
0.186525028874902   ,0.378687590265326  ,0.445719341053218   ,0.918584769349561  ,0.611777048240614   ,0.801884172043422   ,2.0234501613526
0.1343389351155     ,0.45470296011248   ,0.524027583546282   ,0.0537386948529604 ,0.758665057293406   ,0.627600168179929   ,0.232855236457136
1.07288063109343    ,-1.24632356933607  ,-1.79612620017383   ,0.672253796648003  ,0.622237424719174   ,0.500357687105905   ,0.139452590076302
0.708589412834923   ,-0.224411616409323 ,-0.506534949107451  ,0.505559407642848  ,-0.178286975298871  ,0.387408833212608   ,0.274453357500936
-0.934820008021644  ,0.636336025794494  ,0.750692735912735   ,-0.883639703635484 ,-0.619616215250243  ,-0.312173751624116  ,-0.217770924262381
-0.134528504626283  ,-0.890220788221162 ,-0.713947861506021  ,0.0789189574840413 ,0.57106721406441    ,0.238095620787208   ,0.125582314650387
-0.238382702178561  ,-0.0845685291997048,0.539635958364593   ,1.03067981230885   ,0.508100572281768   ,0.93779438769959    ,1.26430521406198
1.29049641331189    ,-1.34486558501327  ,-1.47676933652464   ,0.988938366372323  ,0.908175558187863   ,1.46074764553204    ,0.432384924463439
0.663956276549467   ,-0.379705054231318 ,-0.207933033652084  ,-0.429026168674693 ,0.553565143897787   ,-0.23040550664241   ,0.300877470245707
-1.3361895677254    ,1.00766680835874   ,1.17957944103698    ,-1.55905607925594  ,0.424818129660449   ,-0.788600819264537  ,-0.108230525866034
0.0120420309256358  ,0.534100951851692  ,-0.183922182285968  ,-0.518882806320835 ,-0.987714189683017  ,-0.880316769270607  ,0.0371144900974996
-1.51911848966808   ,-0.301169384633335 ,0.838324705043567   ,0.638341716349622  ,1.89145261792769    ,0.766180598230233   ,-0.513932969306316
-0.298287406415813  ,0.334004721518832  ,0.890319796885962   ,0.490736989491671  ,1.35496160864897    ,0.835260109880074   ,-1.79433468155718
-1.93433148381328   ,0.459623631211086  ,0.700307741300379   ,-2.2477188894817   ,-1.92221207659361   ,-2.91159704054832   ,-2.15458340412483
0.451193000197389   ,-0.732565777388095 ,-0.712826663688398  ,-0.575125378630964 ,0.146870445132339   ,-0.217299947800412  ,0.229544728938253
-1.11961883228633   ,1.32006297092825   ,1.03822376564248    ,-2.7003171971478   ,-2.20824828017677   ,-2.65349796295502   ,0.278609331885208
-0.354075854773971  ,0.132509032714673  ,0.163370175524174   ,-0.60544876651016  ,0.816263763416791   ,0.0188048935879836  ,1.22318558860111
-1.53879153472915   ,-0.600185130586664 ,-0.776062553003319  ,-0.97820334514435  ,-1.18971326349096   ,-1.08895194733666   ,-0.729116134690608
1.83440688626606    ,-1.54154473577426  ,-0.960294098984156  ,1.2609237469645    ,1.20106145981663    ,1.17838338576763    ,0.797895133588885
-0.187469032848192  ,-1.42956785365869  ,-0.278690636878327  ,0.166240492188408  ,-0.123545192515039  ,0.0990158389819946  ,-1.09936070976262
-0.360590371899095  ,-0.255172526998577 ,0.622421928446349   ,-2.05008198275955  ,-1.47482068165121   ,-2.17090688774748   ,-3.08484883076204
0.300873767587237   ,0.406332822455237  ,-0.371191520374324  ,-0.542005112596835 ,-0.215119825582188  ,-0.579066643165812  ,-1.1628510424011
0.612219950182183   ,0.246734092839004  ,-0.622643147199343  ,-0.0639137648041674,-0.806283647373743  ,-0.124535589699314  ,-0.985690324382057
0.154072064459379   ,-0.170954580851435 ,-3.52732111011738   ,-2.52092409206317  ,-2.12794440977133   ,-2.78323568029268   ,-2.00915502052221
-0.240760702313818  ,-0.152098038070773 ,-5.27253950067242   ,-3.00526260770642  ,-2.42722005873882   ,-3.0457151113692    ,-1.24709907193209
0.966351831503297   ,3.66737142220228   ,-0.302855940808963  ,-0.829918338855338 ,-0.273749190724764  ,-0.535424255415574  ,0.580268895108132
-0.279935212649516  ,0.887285026250349  ,0.995581660252296   ,-0.184529314079917 ,0.342457684484309   ,0.282060325322722   ,-0.594347440539702
0.587746825400786   ,-1.22922292474209  ,-0.187327268713333  ,-0.921127753045769 ,-0.510679535709571  ,-0.597658015146534  ,-2.16161337869277
1.29039543679507    ,-0.127724197527378 ,-0.874213994936974  ,-1.1541017201209   ,-0.333344843382142  ,-0.872400271762378  ,-0.1465391198417
0.0601190082506377  ,0.522935295013891  ,2.20522876539147    ,0.671444242330372  ,1.40546607080381    ,0.969946197866832   ,1.56033303199398
-0.0276715817181458 ,-0.875028553951996 ,-0.00974869096366594,1.43998885643361   ,1.35310681827042    ,1.7160014877687     ,0.890509083797434
-0.531358487195319  ,-0.543459142906615 ,1.31974560657323    ,0.720963118358076  ,0.932106132267296   ,0.601375840152191   ,-0.145045068818564
0.0547997897906859  ,0.344506299807084  ,0.467896331933863   ,-0.102272460411013 ,-0.432081378402506  ,-0.165249099857675  ,-0.652010390668506
0.195642269604004   ,0.227574503168151  ,0.47722044610432    ,1.08490940676065   ,1.09708703361164    ,1.07075829675397    ,0.692377844465425
-0.694071400502884  ,0.181498027246302  ,0.0897992616958461  ,0.350810155911591  ,-0.505888557301426  ,0.130454195097097   ,-0.895891883323685
-0.655282512032629  ,-0.166567019212661 ,-0.0173738347002935 ,0.263492675150804  ,0.74871209775374    ,0.494589198445807   ,-0.565586100504179
0.33186652813835    ,-0.185607411041781 ,0.963068699710373   ,-0.481041429915792 ,-0.258707595315152  ,-0.590095394151272  ,-1.02297902950385
-1.34127426179098   ,0.38760010106475   ,0.368977136542749   ,0.191161845589029  ,0.155644884537941   ,0.12840227684459    ,0.161505130536219
1.93423915540422    ,-1.63797908548071  ,-0.564921014801841  ,1.0373760960964    ,0.977615400927697   ,1.22851270653762    ,-0.357666402252239
-0.115400189346651  ,0.977463732917181  ,-0.267034481885512  ,-0.993268028648909 ,-1.20197495434806   ,-0.832784714521748  ,-0.979434404577941
-0.543552066476127  ,-0.532769223028324 ,-1.83177435601857   ,0.0440127318121674 ,0.0381866419063631  ,0.18473004383164    ,-0.790484323440394
0.95417773168511    ,-0.509902808312018 ,1.19274890926029    ,1.70795072624159   ,1.3712620932795     ,1.51379298244734    ,-0.0371455605225158
0.568834313323333   ,0.924373401180718  ,0.701195553411791   ,0.0349916225032401 ,-0.107245227169252  ,0.244828428436671   ,-2.35875977523289
-0.857803821073018  ,1.04575235109201   ,-1.37700349740039   ,-2.12435235000168  ,-1.41745454488796   ,-1.71416450528346   ,-1.37516005269979
0.213375871985247   ,0.971771484513791  ,0.258184278757942   ,-0.989317405243664 ,-0.137080499645693  ,-0.556028739543046  ,1.22515758268272
-0.0485911090521715 ,-0.235661611136072 ,0.237715006849404   ,0.859307891963729  ,0.804122790468456   ,0.829877670878842   ,3.00533889387246
0.0920831810493705  ,2.18783397610379   ,1.1200618780906     ,-0.815289914991204 ,-0.610922993215307  ,-0.697457981850794  ,0.428169570808998
-0.478735537762092  ,-1.07712184558403  ,0.153333525667254   ,1.16437365676487   ,1.33741137732737    ,1.50139847121782    ,0.541890278186471
-0.33198850545679   ,-0.446819103251351 ,0.722900176535328   ,0.330541024028619  ,-0.197476090403492  ,0.131094247223577   ,-1.71877254556415
-0.749767118900052  ,-1.31717525582034  ,-1.55300781579279   ,-0.212628540876586 ,-0.303497879552512  ,-0.0399239416889811 ,-0.685110386502649
-0.934034643783602  ,-1.02605538971137  ,-1.12720129448092   ,1.07679997993729   ,0.796136658333596   ,0.926943805027748   ,0.55374104012127
0.481872320394824   ,-0.648483479568361 ,-0.155922932057792  ,0.258566911631616  ,-0.937513732921171  ,-0.0625308176111246 ,0.561165586711584
-0.808550955930061  ,-0.537283258468754 ,0.156802137230701   ,0.501873645534145  ,-0.378598159661209  ,0.0308563902483879  ,0.777686444840835
0.0577903197118159  ,-0.598249437084431 ,0.269813722595266   ,-0.595168332337354 ,0.950148898989734   ,0.105206829815963   ,-0.212394318012986
-1.7157458886198    ,-0.0576348486623075,0.771803815127058   ,0.159370034637845  ,-0.28763302987593   ,0.11102348610578    ,0.454539042506386
-0.0869327742589403 ,0.765598187196951  ,0.0234792380959925  ,-0.621568332604294 ,-0.620155313350324  ,-0.459223859245217  ,-0.888990261529925
-0.0501796344028068 ,-0.538349434787416 ,0.26609192684389    ,-0.80948981009258  ,-0.460655357600113  ,-0.836742289068932  ,-0.998678330643678
0.204101787879911   ,1.97275889717722   ,1.97287565500672    ,-1.06566452075148  ,-0.381359242071179  ,-0.834163057486479  ,-1.69893360219138
0.351435725667913   ,1.11353426578965   ,0.00286039548248096 ,-2.3832270785505   ,-2.15809113432841   ,-2.48792244266481   ,-1.85961911204087
0.183164618607755   ,1.01405569250718   ,0.0498971446699885  ,-1.69274573749935  ,-1.97867210202237   ,-2.19461770866474   ,-0.506435822778729
-1.12511254034154   ,-1.54246273191625  ,0.0123520903652795  ,1.45937892999902   ,1.6930846109481     ,1.58487069083785    ,1.38715534177778
0.326065021278576   ,0.367553902299404  ,-0.368556960237563  ,-0.343904188672439 ,-1.01972014880675   ,-0.725698590127548  ,-0.636060061780899
-0.576353142213508  ,0.756195947244621  ,0.377353073831316   ,-0.069528285230867 ,-0.0637765299655651 ,-0.153816410299851  ,0.843758250917961
-0.217441912453092  ,-0.141545725277661 ,1.27631045989075    ,0.757182133772934  ,1.26377067151935    ,1.03977161020696    ,0.954428585898443
-0.969794524347559  ,-1.68164872551034  ,-0.271811498288539  ,0.903967722406053  ,0.349144682460752   ,0.703555314443098   ,0.159463036706938
0.716893677425585   ,-0.403701702826601 ,-0.657618529892405  ,0.273424783881615  ,-0.670135049131678  ,-0.0977444128663141 ,-0.660845828902109
-1.25393068515129   ,0.467291430264575  ,0.459704674779276   ,-0.72220259378177  ,-0.375051929000182  ,-0.665715272334017  ,-1.80992037882303
0.868855030769848   ,2.23545327112285   ,1.34971518583876    ,-1.95738409075384  ,-1.54568056937938   ,-1.67007813104374   ,-1.02113372186066
-0.198301699929131  ,-1.26684772285911  ,-0.798938110656705  ,0.707856946793055  ,0.549906003350577   ,0.463242283220492   ,0.683162238395101
0.261548252562369   ,1.17218813621487   ,1.64947149504529    ,0.219943674597623  ,0.133007143430945   ,0.0231884950462794  ,0.715517175299506
-0.400022208060011  ,-0.717553042238556 ,-0.476905390597089  ,0.218246539039428  ,-0.388409267475828  ,0.24120623928029    ,0.138542051484697
-1.10985405812116   ,-0.655197876023671 ,-0.159348673218354  ,0.190570219129877  ,0.694724120066096   ,0.38933317299559    ,-0.0661341856330583
-0.751079930188688  ,-0.848702987556455 ,0.181339721022456   ,-0.448385969910793 ,-0.468881830982543  ,-0.423325377808049  ,-0.178880746105546
0.364733277065489   ,0.0254129419892024 ,0.409768015137565   ,0.263363582371229  ,0.186934652069908   ,0.448695880165162   ,0.892667308422995
-0.432160740474822  ,-1.10345372800003  ,-0.407286978179281  ,0.350097903923045  ,0.724626212771398   ,0.614875025442042   ,-0.388410947316884
0.992415202368661   ,-1.23284768664954  ,-0.510289682609767  ,1.60881173911979   ,0.00486463689505424 ,1.15015657793829    ,-0.301677121739819
-2.20324513774641   ,-0.0496394730963202,-0.303454828403422  ,0.0943918324201373 ,-0.347617330852778  ,0.133981262079848   ,-0.990043079700708
0.085043011743415   ,0.216462915069242  ,0.0664195053658835  ,0.673815100994764  ,-0.447087364336981  ,0.488074419968799   ,0.583637522778566
0.212904543063441   ,-0.102645994324042 ,0.636445044561288   ,0.627912612524488  ,-0.0632712682042553 ,0.405789647407755   ,0.389086491526518
1.00815792852604    ,-1.8331624567363   ,-2.78979188687436   ,0.275808232943075  ,-0.507178350951871  ,0.325308698621593   ,-0.209489950023313
0.761983460857316   ,-0.5976942680933   ,-2.11028655087504   ,-1.11598885089358  ,-1.72180316887958   ,-1.33426598216915   ,-0.0880889205319594
0.408094372360406   ,0.109146491848935  ,0.269956782358954   ,1.17321020433604   ,0.119237922854969   ,1.09194278997299    ,1.93175897928597
0.808887434705078   ,-0.441724554865787 ,-1.02734248884892   ,-0.795740339360786 ,-0.555508144967906  ,-0.819394159756054  ,-0.908402949156731
-1.2263555879241    ,-0.0542770793606911,0.293442595608268   ,0.74516645927102   ,0.919762214869167   ,0.99060217692954    ,0.674128441143934
0.214855241208468   ,0.287915589308767  ,0.241161412507556   ,0.952215161580069  ,0.628792323132491   ,0.623129208784303   ,-0.186687356638632
0.561387618954023   ,-0.801256647916714 ,-0.793732964302077  ,0.48208743348604   ,-0.568360818375643  ,0.00986733788263865 ,-0.145917664735166
-0.359164923309874  ,-1.41072941413835  ,-1.12940392606387   ,0.372147987565334  ,-0.53266848898329   ,0.334217537993448   ,-0.098542123471836
2.34070033325762    ,1.9433962008473    ,1.14372654764776    ,-1.22872906580098  ,-1.43415301630447   ,-1.02481478644816   ,0.618558229084818
-0.57200118097841   ,-0.427041343337218 ,-0.136987722614899  ,0.927957232477643  ,0.48225528739233    ,1.13150538126485    ,1.01874443888166
-0.32841028134085   ,-0.458773294153905 ,-0.38897513811959   ,-0.153368189111034 ,0.342113160451459   ,-0.309616322520468  ,-1.02951295580768
-1.98715437068673   ,-0.25877840196513  ,0.366083602848391   ,-0.28759945863248  ,-0.488754738603592  ,-0.546875020272459  ,-0.635522627411883
-0.605456994970031  ,0.316057576233678  ,1.04385161234168    ,0.418767435997175  ,0.620262916505626   ,0.538071461680544   ,-0.125569427624315
-0.262011951341223  ,-0.301308725772611 ,-0.104220770607918  ,0.176360020992249  ,0.108522735212368   ,0.318062991004785   ,-0.394541944925475
0.611329695093405   ,0.0369473135013655 ,0.100838156417101   ,-0.503995455222773 ,0.392227414365391   ,-0.497240986135388  ,-0.442128699691829
-0.584184535536067  ,0.761209501993735  ,0.296148564399712   ,0.67098843859251   ,0.292123726321545   ,0.742714194718003   ,1.01569332477134
-0.0641249568723416 ,-1.15499985157341  ,-1.5882729281482    ,-0.544349942340844 ,-1.71313476461039   ,-1.12878744882053   ,-1.12114464409623
-0.101313081599208  ,0.373280824326668  ,0.362344548147833   ,0.124479998478426  ,0.390877713179517   ,0.188566092955289   ,0.360378861837642
0.959104996214349   ,0.429688282680815  ,0.382564895859317   ,0.979554841150232  ,-0.194610307897533  ,0.599037957351034   ,-0.0248173173558616
1.58421843731832    ,0.738225064692419  ,-0.727655191460616  ,-0.370373624602933 ,-0.910016917568393  ,-0.221828523429216  ,-0.710501576045555
1.68278128032422    ,2.49525276047922   ,2.24216019388779    ,-0.178881631700417 ,0.508425020996302   ,0.412487308935003   ,0.273071336867828
-0.841332548223282  ,-1.56765042770922  ,-0.794000209721351  ,1.84024097312276   ,0.334665091518684   ,1.52149089820343    ,0.0855022533266084
-0.392167536533185  ,0.534636872613294  ,-0.159645366376509  ,-0.273728472474525 ,-0.362997370372211  ,-0.0446735336246141 ,-0.236543136005026
-1.58486192120668   ,-1.28369291756192  ,-0.15400383708539   ,-0.174298214963557 ,1.07349682638297    ,0.146995631886633   ,0.294395958891715
-0.492527801134212  ,-0.679546260090282 ,-0.891281087591326  ,0.169970005859245  ,-1.09891483023853   ,-0.0143735703054397 ,0.687220267608127
0.806705817745946   ,-0.889788093008664 ,-1.17696664804783   ,-1.3628758162078   ,-0.786738461345167  ,-1.51607380032754   ,-0.00362566454845884
1.73015325819582    ,0.782677726392492  ,0.292170107126945   ,0.582173373478661  ,-1.30881064942324   ,-0.0058636560602381 ,2.49147434316649
2.13236552069677    ,0.0816705675867336 ,-0.971603323614337  ,-2.37259048862162  ,-1.654131914439     ,-2.24650524508754   ,-0.662355029577834
0.447288896333289   ,0.707862485815304  ,-0.455628627307133  ,-1.11719647657299  ,-0.345961186457507  ,-0.932351326233384  ,0.680512980392865
-1.17178638825903   ,-0.669751817591899 ,0.0889047702883947  ,1.59778371192695   ,1.11995562459661    ,1.48176385399515    ,1.46527797956897
-0.752893995116922  ,-0.383640236232712 ,-0.0364503709223144 ,0.0682763096147032 ,-0.783463453941433  ,-0.0912797304521394 ,-0.527416328924242
1.9471558055023     ,0.0688142739422657 ,-1.14724895910241   ,-0.68547402337842  ,-0.521127761407264  ,-0.709956213923514  ,-0.320083027445368
1.2061704432123     ,2.09820120592496   ,1.14803403261528    ,-1.46457466984058  ,-1.09657747311069   ,-1.73301650884394   ,-0.34761896390857
0.24317246001257    ,1.12317880960363   ,0.000516180824712886,-0.612090661296875 ,-0.188132827222611  ,-0.32290146561264   ,0.438609447451299
-0.417110629842581  ,-0.4290576571717   ,0.67602388004367    ,0.944221530736124  ,1.94232020314644    ,1.39040339163174    ,-0.0120949360805853
-0.555148108080217  ,-0.119927651636648 ,-0.455391567013656  ,-0.100349751211065 ,-0.578784765657979  ,-0.212743028454707  ,-1.3424975018733
0.451268704578543   ,-0.119509714205772 ,-0.276777246281446  ,0.306589566189267  ,-0.497179242321594  ,0.105086758534682   ,0.173801278741261
-1.29500316826071   ,2.65981576719944   ,1.03423072486314    ,-0.755898232149548 ,0.436231039135397   ,-0.722644854403499  ,0.459842931350813
0.536152836833814   ,-0.207175136274006 ,0.442902007770648   ,0.930607703267151  ,0.627219044656514   ,1.20189399478496    ,0.68886059874508
-0.167679629428563  ,-0.697270076067389 ,-0.581581613681354  ,-0.0881853338464604,0.166867565287847   ,-0.111627154964571  ,-0.935167560504624
-0.565344805176682  ,-0.267305908611366 ,-0.00761142503219461,-0.306179781429719 ,-0.175538008490091  ,-0.170222596402975  ,-0.707599011604641
-2.0981187394426    ,-1.9368938808259   ,-0.572418384552276  ,-0.540745057815208 ,0.0550910604879139  ,-0.684654172173504  ,-1.87797010632016
-0.138181102656268  ,-2.04666456590402  ,-1.28365433042199   ,0.723150505625748  ,-0.94287540888428   ,0.223400627956219   ,0.140564875365629
-0.893538936318701  ,-0.367925493603367 ,-0.0492565821017638 ,0.631512630784848  ,0.00683757277275619 ,-0.0248931803134123 ,0.635655410827956
-0.262007962175789  ,-0.353354012827271 ,-0.368805032801666  ,0.0344285125877309 ,0.645410459066287   ,0.518407586639358   ,0.549369403132421
-1.03059974015615   ,0.353902191387825  ,0.0478050601267918  ,0.701987843131843  ,0.346429231102307   ,0.616055988880261   ,0.891663257448531
0.65556085204371    ,-0.367455076621936 ,-0.583952439158845  ,0.0588445665940165 ,0.197897035310884   ,0.144439515800403   ,0.2216978204703
1.09856416451845    ,0.126466335151735  ,0.267297113472499   ,0.047673661319483  ,0.0693604682756262  ,0.163237913402592   ,0.55870977997937
0.949262309913324   ,0.11673903051642   ,-0.296139957833655  ,0.239364200097307  ,0.2508742210158     ,0.255886793051446   ,0.43226361831786
-0.0125247571513042 ,-1.00947551373936  ,-0.983421089947265  ,-0.250493271284317 ,-0.13700896412487   ,-0.184492866274301  ,-0.361137324460508
0.820752337267953   ,0.0417569302741172 ,-0.0435446511239674 ,0.160515024521995  ,0.963185152842578   ,0.416483249188325   ,0.371648504054041
-1.01656112197679   ,0.348379129811619  ,0.45898418808154    ,-0.407566538326761 ,-0.00802085975867593,-0.343755517978972  ,-0.386382071869977
-0.296975302864421  ,-1.6684012163712   ,-0.863528619581137  ,0.501762262513263  ,-0.456568784960628  ,0.394869786634882   ,-0.191412607115026
0.629868312703898   ,0.0933243976990002 ,0.16655003124305    ,0.700819242185391  ,0.868991067332316   ,0.561622429944826   ,0.339375855606284
